1,3/4 GIRLS,Null,"	photos/categories/cat.png",34-girls
2,3/4 MENS,Null,"	photos/categories/cat.png",34-mens
3,A D ,Null,"	photos/categories/cat.png",a-d
4,TREADMILL,Null,"	photos/categories/cat.png",treadmill
5,B INNER ,Null,"	photos/categories/cat.png",b-inner
6,BALL,Null,"	photos/categories/cat.png",ball
7,STUMP,Null,"	photos/categories/cat.png",stump
8,BASEBALL STICK ,Null,"	photos/categories/cat.png",baseball-stick
9,BASKET BALL ,Null,"	photos/categories/cat.png",basket-ball
10,BASKET BALL KIT ,Null,"	photos/categories/cat.png",basket-ball-kit
11,BAT ,Null,"	photos/categories/cat.png",bat
12,BAT GRIP,Null,"	photos/categories/cat.png",bat-grip
13,GRIP,Null,"	photos/categories/cat.png",grip
14,BATTING GLOVES ,Null,"	photos/categories/cat.png",batting-gloves
15,BATTING PAD ,Null,"	photos/categories/cat.png",batting-pad
16,BATTING TEE,Null,"	photos/categories/cat.png",batting-tee
17,BELLS,Null,"	photos/categories/cat.png",bells
18,BOTTEL ,Null,"	photos/categories/cat.png",bottel
19,BOXING ,Null,"	photos/categories/cat.png",boxing
20,CAP ,Null,"	photos/categories/cat.png",cap
21,FOOTBALL ,Null,"	photos/categories/cat.png",football
22,CARROM ,Null,"	photos/categories/cat.png",carrom
23,CHESS ,Null,"	photos/categories/cat.png",chess
24,CHESS CLOCK,Null,"	photos/categories/cat.png",chess--clock
25,CHEST GUARD ,Null,"	photos/categories/cat.png",chest-guard
26,MARKING CONE ,Null,"	photos/categories/cat.png",marking-cone
27,SUN CREAM,Null,"	photos/categories/cat.png",sun-cream
28,KIT,Null,"	photos/categories/cat.png",kit
29,CRICKET KIT ,Null,"	photos/categories/cat.png",cricket-kit
30,DART BORD,Null,"	photos/categories/cat.png",dart-bord
31,DIO,Null,"	photos/categories/cat.png",dio
32,ELBOW ,Null,"	photos/categories/cat.png",elbow
33,FINGER BAND,Null,"	photos/categories/cat.png",finger-band
34,WRIST BAND,Null,"	photos/categories/cat.png",wrist-band
35,FLYING DISK ,Null,"	photos/categories/cat.png",flying-disk
36,FOOTBOLL GOAL K G ,Null,"	photos/categories/cat.png",footboll-goal-k-g
37,FOOTBALL SET ,Null,"	photos/categories/cat.png",football-set
38,SOCKS,Null,"	photos/categories/cat.png",socks
39,FORM ROLLER ,Null,"	photos/categories/cat.png",form-roller
40,FRISBEE,Null,"	photos/categories/cat.png",frisbee
41,GEL,Null,"	photos/categories/cat.png",gel
42,GOGLE,Null,"	photos/categories/cat.png",gogle
43,GRIPPER ,Null,"	photos/categories/cat.png",gripper
44,GUM GUARD ,Null,"	photos/categories/cat.png",gum-guard
45,GYM BAG ,Null,"	photos/categories/cat.png",gym-bag
46,GYM BELT,Null,"	photos/categories/cat.png",gym-belt
47,GYM GLOVES,Null,"	photos/categories/cat.png",gym-gloves
48,GYM,Null,"	photos/categories/cat.png",gym
49,HAMMER ,Null,"	photos/categories/cat.png",hammer
50,HAND GRIP ,Null,"	photos/categories/cat.png",hand-grip
51,HEAD BAND,Null,"	photos/categories/cat.png",head-band
52,HEAD GEAR ,Null,"	photos/categories/cat.png",head-gear
53,HELMET,Null,"	photos/categories/cat.png",helmet
54,HELMET SHREY,Null,"	photos/categories/cat.png",helmet-shrey
55,HOCKEY STICK ,Null,"	photos/categories/cat.png",hockey-stick
56,HOLA HOOP RING,Null,"	photos/categories/cat.png",hola-hoop-ring
57,ICE BAG ,Null,"	photos/categories/cat.png",ice-bag
58,INNER THIGH,Null,"	photos/categories/cat.png",inner-thigh
59,KARATE,Null,"	photos/categories/cat.png",karate
60,KATCHET BOARD,Null,"	photos/categories/cat.png",katchet-board
61,KIT BAG ,Null,"	photos/categories/cat.png",kit-bag
62,KNEE CAP,Null,"	photos/categories/cat.png",knee-cap
63,LADDER,Null,"	photos/categories/cat.png",ladder
64,LOOP BAND,Null,"	photos/categories/cat.png",loop-band
65,THAIRA BAND ,Null,"	photos/categories/cat.png",thaira-band
66,LOWER,Null,"	photos/categories/cat.png",lower
67,CONE,Null,"	photos/categories/cat.png",cone
68,MAT,Null,"	photos/categories/cat.png",mat
69,MOBILE POUCH,Null,"	photos/categories/cat.png",mobile-pouch
70,NAILS,Null,"	photos/categories/cat.png",nails
71,NETS ,Null,"	photos/categories/cat.png",nets
72,GST 18%,Null,"	photos/categories/cat.png",gst-18
73,POOL,Null,"	photos/categories/cat.png",pool
74,PUMP,Null,"	photos/categories/cat.png",pump
75,RACKET,Null,"	photos/categories/cat.png",racket
76,SCOOTER,Null,"	photos/categories/cat.png",scooter
77,SCORE BOOK,Null,"	photos/categories/cat.png",score-book
78,SHIN GAURD,Null,"	photos/categories/cat.png",shin-guard
79,SHOES ,Null,"	photos/categories/cat.png",shoes
80,SHORTS,Null,"	photos/categories/cat.png",shorts
81,SHORTS GIRLS,Null,"	photos/categories/cat.png",shorts-girls
82,SHOT PUT,Null,"	photos/categories/cat.png",shot-put
83,SHUTTLE COCK,Null,"	photos/categories/cat.png",shuttle-cock
84,SKETTING,Null,"	photos/categories/cat.png",sketting
85,SKETTING SET,Null,"	photos/categories/cat.png",sketting-set
86,SKINS,Null,"	photos/categories/cat.png",skins
87,SKIPPING ROPE,Null,"	photos/categories/cat.png",skipping-rope
88,ROPE,Null,"	photos/categories/cat.png",rope
89,SLEEPER,Null,"	photos/categories/cat.png",sleeper
90,SPORTS BRA,Null,"	photos/categories/cat.png",sports-bra
91,STOPWATCH,Null,"	photos/categories/cat.png",stopwatch
92,STRING,Null,"	photos/categories/cat.png",string
93,SUPPOTER,Null,"	photos/categories/cat.png",suppoter
94,SWEATER,Null,"	photos/categories/cat.png",sweater
95,SWIMING CAP ,Null,"	photos/categories/cat.png",swimming-cap
96,T SHIRT,Null,"	photos/categories/cat.png",t-shirt
97,T SHIRT KIDS ,Null,"	photos/categories/cat.png",t-shirt-kids
98,T T BALL,Null,"	photos/categories/cat.png",t-t-ball
99,T.T BAT ,Null,"	photos/categories/cat.png",tt-bat
100,TABLETS,Null,"	photos/categories/cat.png",tablets
101,TAITES,Null,"	photos/categories/cat.png",taites
102,THIGH PAD ,Null,"	photos/categories/cat.png",thigh-pad
103,THROW BALL,Null,"	photos/categories/cat.png",throw-ball
104,TIPS,Null,"	photos/categories/cat.png",tips
105,TRACK SUIT ,Null,"	photos/categories/cat.png",track-suit
106,TRACK SUITE GIRLS,Null,"	photos/categories/cat.png",track-suite-girls
107,PUSHUP STAND ,Null,"	photos/categories/cat.png",pushup-stand
108,UMPIRE COUNTER,Null,"	photos/categories/cat.png",umpire-counter
109,UPPER,Null,"	photos/categories/cat.png",upper
110,VOLLEY BALL ,Null,"	photos/categories/cat.png",volley-ball
111,W K GLOVES,Null,"	photos/categories/cat.png",w-k-gloves
112,W K INNER,Null,"	photos/categories/cat.png",w-k-inner
113,W K PADS,Null,"	photos/categories/cat.png",w-k-pads
114,WAIST BAG,Null,"	photos/categories/cat.png",waist-bag
115,WHISTLE ,Null,"	photos/categories/cat.png",whistle
116,WRESTLING KIT,Null,"	photos/categories/cat.png",wrestling-kit
117,WRIST SUPPORT,Null,"	photos/categories/cat.png",wrist-support
118,YOGA MAT,Null,"	photos/categories/cat.png",yoga-mat
